{"initial_reset_timestamp": 1606777831.4603913, "timestamps": [1606777876.15289], "episode_lengths": [8018], "episode_rewards": [670.0], "episode_types": ["t"]}