{"initial_reset_timestamp": 1606777678.3221886, "timestamps": [1606777701.10096], "episode_lengths": [6536], "episode_rewards": [453.0], "episode_types": ["t"]}