{"initial_reset_timestamp": 1606799027.1957455, "timestamps": [1606799032.8446276], "episode_lengths": [1000], "episode_rewards": [699.0], "episode_types": ["t"]}