{"initial_reset_timestamp": 1606777946.4830244, "timestamps": [1606777950.9301577], "episode_lengths": [838], "episode_rewards": [1039.0], "episode_types": ["t"]}