{"initial_reset_timestamp": 1606958055.896957, "timestamps": [1606958057.1057577], "episode_lengths": [170], "episode_rewards": [230.0], "episode_types": ["t"]}