{"initial_reset_timestamp": 1606778087.9836118, "timestamps": [1606778088.8359928], "episode_lengths": [144], "episode_rewards": [233.0], "episode_types": ["t"]}