{"initial_reset_timestamp": 1608279943.0324755, "timestamps": [1608279944.294102], "episode_lengths": [146], "episode_rewards": [236.0], "episode_types": ["t"]}