{"initial_reset_timestamp": 1606777892.4781048, "timestamps": [1606777894.2464533], "episode_lengths": [296], "episode_rewards": [223.0], "episode_types": ["t"]}