{"initial_reset_timestamp": 1606777937.149046, "timestamps": [1606777940.1819756], "episode_lengths": [418], "episode_rewards": [618.0], "episode_types": ["t"]}