{"initial_reset_timestamp": 1608278319.1722531, "timestamps": [1608278322.3188062], "episode_lengths": [402], "episode_rewards": [630.0], "episode_types": ["t"]}