{"initial_reset_timestamp": 1608278434.029244, "timestamps": [1608278434.8510156], "episode_lengths": [124], "episode_rewards": [252.0], "episode_types": ["t"]}