{"initial_reset_timestamp": 1606777771.427215, "timestamps": [1606777772.1533196], "episode_lengths": [154], "episode_rewards": [238.0], "episode_types": ["t"]}