{"initial_reset_timestamp": 1606778137.0919955, "timestamps": [1606778156.8680797], "episode_lengths": [3574], "episode_rewards": [896.0], "episode_types": ["t"]}