{"initial_reset_timestamp": 1606777816.2513235, "timestamps": [1606777817.3803456], "episode_lengths": [236], "episode_rewards": [214.0], "episode_types": ["t"]}