{"initial_reset_timestamp": 1606777982.412292, "timestamps": [1606777983.5023756], "episode_lengths": [188], "episode_rewards": [224.0], "episode_types": ["t"]}