{"initial_reset_timestamp": 1606777702.8591073, "timestamps": [1606777703.6848958], "episode_lengths": [214], "episode_rewards": [208.0], "episode_types": ["t"]}