{"initial_reset_timestamp": 1608278087.1815734, "timestamps": [1608278088.1948519], "episode_lengths": [146], "episode_rewards": [246.0], "episode_types": ["t"]}