{"initial_reset_timestamp": 1606777715.2457561, "timestamps": [1606777721.6546512], "episode_lengths": [1682], "episode_rewards": [687.0], "episode_types": ["t"]}