{"initial_reset_timestamp": 1606777906.9395683, "timestamps": [1606777907.8711007], "episode_lengths": [168], "episode_rewards": [245.0], "episode_types": ["t"]}