{"initial_reset_timestamp": 1608278131.2534232, "timestamps": [1608278134.9634347], "episode_lengths": [546], "episode_rewards": [729.0], "episode_types": ["t"]}