{"initial_reset_timestamp": 1606802217.1323893, "timestamps": [1606802224.150651], "episode_lengths": [1122], "episode_rewards": [1320.0], "episode_types": ["t"]}