{"initial_reset_timestamp": 1606778011.6924303, "timestamps": [1606778039.751571], "episode_lengths": [5218], "episode_rewards": [488.0], "episode_types": ["t"]}