{"initial_reset_timestamp": 1606777787.897058, "timestamps": [1606777800.6174896], "episode_lengths": [2762], "episode_rewards": [937.0], "episode_types": ["t"]}