{"initial_reset_timestamp": 1606777779.1173663, "timestamps": [1606777781.4900413], "episode_lengths": [502], "episode_rewards": [625.0], "episode_types": ["t"]}