{"initial_reset_timestamp": 1606777806.4599926, "timestamps": [1606777807.2738128], "episode_lengths": [176], "episode_rewards": [227.0], "episode_types": ["t"]}