{"initial_reset_timestamp": 1606778041.6466317, "timestamps": [1606778046.545572], "episode_lengths": [892], "episode_rewards": [583.0], "episode_types": ["t"]}