{"initial_reset_timestamp": 1608278869.8285563, "timestamps": [1608278871.9018896], "episode_lengths": [330], "episode_rewards": [631.0], "episode_types": ["t"]}