{"initial_reset_timestamp": 1606777898.0675757, "timestamps": [1606777900.9547439], "episode_lengths": [540], "episode_rewards": [596.0], "episode_types": ["t"]}