{"initial_reset_timestamp": 1606777964.4773693, "timestamps": [1606777974.5514169], "episode_lengths": [1594], "episode_rewards": [655.0], "episode_types": ["t"]}