{"initial_reset_timestamp": 1606778056.9149427, "timestamps": [1606778057.8933277], "episode_lengths": [176], "episode_rewards": [229.0], "episode_types": ["t"]}