{"initial_reset_timestamp": 1608278808.7017157, "timestamps": [1608278813.939591], "episode_lengths": [782], "episode_rewards": [804.0], "episode_types": ["t"]}