{"initial_reset_timestamp": 1606778078.7865634, "timestamps": [1606778086.3174136], "episode_lengths": [1206], "episode_rewards": [748.0], "episode_types": ["t"]}