{"initial_reset_timestamp": 1606777931.3834708, "timestamps": [1606777933.7003138], "episode_lengths": [424], "episode_rewards": [727.0], "episode_types": ["t"]}