{"initial_reset_timestamp": 1606777919.7946343, "timestamps": [1606777923.9484806], "episode_lengths": [672], "episode_rewards": [632.0], "episode_types": ["t"]}