{"initial_reset_timestamp": 1606777739.9731607, "timestamps": [1606777743.5805056], "episode_lengths": [818], "episode_rewards": [574.0], "episode_types": ["t"]}