{"initial_reset_timestamp": 1606802881.205634, "timestamps": [1606802883.171375], "episode_lengths": [324], "episode_rewards": [615.0], "episode_types": ["t"]}