{"initial_reset_timestamp": 1606777761.5329065, "timestamps": [1606777767.1888113], "episode_lengths": [1262], "episode_rewards": [1002.0], "episode_types": ["t"]}