{"initial_reset_timestamp": 1606777928.0687428, "timestamps": [1606777928.9982448], "episode_lengths": [168], "episode_rewards": [229.0], "episode_types": ["t"]}