{"initial_reset_timestamp": 1606777952.6016521, "timestamps": [1606777954.0627415], "episode_lengths": [256], "episode_rewards": [183.0], "episode_types": ["t"]}