{"initial_reset_timestamp": 1606777731.0558157, "timestamps": [1606777736.8284037], "episode_lengths": [1358], "episode_rewards": [549.0], "episode_types": ["t"]}