{"initial_reset_timestamp": 1606778069.9842367, "timestamps": [1606778077.447315], "episode_lengths": [1338], "episode_rewards": [697.0], "episode_types": ["t"]}