{"initial_reset_timestamp": 1608279850.8365395, "timestamps": [1608279853.9451835], "episode_lengths": [464], "episode_rewards": [625.0], "episode_types": ["t"]}