{"initial_reset_timestamp": 1608278759.5919778, "timestamps": [1608278767.0270495], "episode_lengths": [1060], "episode_rewards": [614.0], "episode_types": ["t"]}