{"initial_reset_timestamp": 1606777913.7049508, "timestamps": [1606777915.0663092], "episode_lengths": [194], "episode_rewards": [232.0], "episode_types": ["t"]}