{"initial_reset_timestamp": 1606777818.6001403, "timestamps": [1606777827.9359143], "episode_lengths": [2000], "episode_rewards": [965.0], "episode_types": ["t"]}