{"initial_reset_timestamp": 1606798770.8066003, "timestamps": [1606798775.0482523], "episode_lengths": [688], "episode_rewards": [633.0], "episode_types": ["t"]}