{"initial_reset_timestamp": 1606777942.8070064, "timestamps": [1606777944.1213715], "episode_lengths": [238], "episode_rewards": [201.0], "episode_types": ["t"]}