{"initial_reset_timestamp": 1606799080.4977355, "timestamps": [1606799083.0837715], "episode_lengths": [434], "episode_rewards": [600.0], "episode_types": ["t"]}