{"initial_reset_timestamp": 1608278003.0197845, "timestamps": [1608278006.8126354], "episode_lengths": [644], "episode_rewards": [635.0], "episode_types": ["t"]}