{"initial_reset_timestamp": 1606777877.87794, "timestamps": [1606777889.9127848], "episode_lengths": [2144], "episode_rewards": [1242.0], "episode_types": ["t"]}