{"initial_reset_timestamp": 1606777961.2493083, "timestamps": [1606777962.7433536], "episode_lengths": [274], "episode_rewards": [224.0], "episode_types": ["t"]}