{"initial_reset_timestamp": 1607040479.2517936, "timestamps": [1607040487.7540762], "episode_lengths": [1318], "episode_rewards": [1664.0], "episode_types": ["t"]}