{"initial_reset_timestamp": 1606778090.1859448, "timestamps": [1606778133.8578198], "episode_lengths": [8002], "episode_rewards": [656.0], "episode_types": ["t"]}