{"initial_reset_timestamp": 1606778003.6221962, "timestamps": [1606778009.063679], "episode_lengths": [942], "episode_rewards": [615.0], "episode_types": ["t"]}