{"initial_reset_timestamp": 1606777902.300298, "timestamps": [1606777903.421386], "episode_lengths": [196], "episode_rewards": [228.0], "episode_types": ["t"]}