{"initial_reset_timestamp": 1606777990.6425347, "timestamps": [1606778001.507396], "episode_lengths": [1956], "episode_rewards": [966.0], "episode_types": ["t"]}