{"initial_reset_timestamp": 1606777955.9839053, "timestamps": [1606777958.481215], "episode_lengths": [476], "episode_rewards": [593.0], "episode_types": ["t"]}